,adult,budget,id,original_language,original_title,overview,popularity,release_date,revenue,runtime,status,title,vote_average,vote_count
0,False,30000000,862,en,Toy Story,"Led by Woody, Andy's toys live happily in his room until Andy's birthday brings Buzz Lightyear onto the scene. Afraid of losing his place in Andy's heart, Woody plots against Buzz. But when circumstances separate Buzz and Woody from their owner, the duo eventually learns to put aside their differences.",21.946943,30/10/1995,373554033.0,81.0,Released,Toy Story,7.7,5415.0
1,False,65000000,8844,en,Jumanji,"When siblings Judy and Peter discover an enchanted board game that opens the door to a magical world, they unwittingly invite Alan -- an adult who's been trapped inside the game for 26 years -- into their living room. Alan's only hope for freedom is to finish the game, which proves risky as all three find themselves running from giant rhinoceroses, evil monkeys and other terrifying creatures.",17.015539,15/12/1995,262797249.0,104.0,Released,Jumanji,6.9,2413.0
2,False,0,15602,en,Grumpier Old Men,"A family wedding reignites the ancient feud between next-door neighbors and fishing buddies John and Max. Meanwhile, a sultry Italian divorcée opens a restaurant at the local bait shop, alarming the locals who worry she'll scare the fish away. But she's less interested in seafood than she is in cooking up a hot time with Max.",11.7129,22/12/1995,0.0,101.0,Released,Grumpier Old Men,6.5,92.0
3,False,16000000,31357,en,Waiting to Exhale,"Cheated on, mistreated and stepped on, the women are holding their breath, waiting for the elusive ""good man"" to break a string of less-than-stellar lovers. Friends and confidants Vannah, Bernie, Glo and Robin talk it all out, determined to find a better way to breathe.",3.859495,22/12/1995,81452156.0,127.0,Released,Waiting to Exhale,6.1,34.0
4,False,0,11862,en,Father of the Bride Part II,"Just when George Banks has recovered from his daughter's wedding, he receives the news that she's pregnant ... and that George's wife, Nina, is expecting too. He was planning on selling their home, but that's a plan that -- like George -- will have to change with the arrival of both a grandchild and a kid of his own.",8.387519,10/02/1995,76578911.0,106.0,Released,Father of the Bride Part II,5.7,173.0
5,False,60000000,949,en,Heat,"Obsessive master thief, Neil McCauley leads a top-notch crew on various insane heists throughout Los Angeles while a mentally unstable detective, Vincent Hanna pursues him without rest. Each man recognizes and respects the ability and the dedication of the other even though they are aware their cat-and-mouse game may end in violence.",17.924927,15/12/1995,187436818.0,170.0,Released,Heat,7.7,1886.0
6,False,58000000,11860,en,Sabrina,"An ugly duckling having undergone a remarkable change, still harbors feelings for her crush: a carefree playboy, but not before his business-focused brother has something to say about it.",6.677277,15/12/1995,0.0,127.0,Released,Sabrina,6.2,141.0
7,False,0,45325,en,Tom and Huck,"A mischievous young boy, Tom Sawyer, witnesses a murder by the deadly Injun Joe. Tom becomes friends with Huckleberry Finn, a boy with no future and no family. Tom has to choose between honoring a friendship or honoring an oath because the town alcoholic is accused of the murder. Tom and Huck go through several adventures trying to retrieve evidence.",2.561161,22/12/1995,0.0,97.0,Released,Tom and Huck,5.4,45.0
8,False,35000000,9091,en,Sudden Death,"International action superstar Jean Claude Van Damme teams with Powers Boothe in a Tension-packed, suspense thriller, set against the back-drop of a Stanley Cup game.Van Damme portrays a father whose daughter is suddenly taken during a championship hockey game. With the captors demanding a billion dollars by game's end, Van Damme frantically sets a plan in motion to rescue his daughter and abort an impending explosion before the final buzzer...",5.23158,22/12/1995,64350171.0,106.0,Released,Sudden Death,5.5,174.0
9,False,58000000,710,en,GoldenEye,James Bond must unmask the mysterious head of the Janus Syndicate and prevent the leader from utilizing the GoldenEye weapons system to inflict devastating revenge on Britain.,14.686036,16/11/1995,352194034.0,130.0,Released,GoldenEye,6.6,1194.0
10,False,62000000,9087,en,The American President,"Widowed U.S. president Andrew Shepherd, one of the world's most powerful men, can have anything he wants -- and what he covets most is Sydney Ellen Wade, a Washington lobbyist. But Shepherd's attempts at courting her spark wild rumors and decimate his approval ratings.",6.318445,17/11/1995,107879496.0,106.0,Released,The American President,6.5,199.0
11,False,0,12110,en,Dracula: Dead and Loving It,"When a lawyer shows up at the vampire's doorstep, he falls prey to his charms and joins him in his search for fresh blood. Enter Dr. van Helsing, who may be the only one able to vanquish the count.",5.430331,22/12/1995,0.0,88.0,Released,Dracula: Dead and Loving It,5.7,210.0
12,False,0,21032,en,Balto,"An outcast half-wolf risks his life to prevent a deadly epidemic from ravaging Nome, Alaska.",12.140733,22/12/1995,11348324.0,78.0,Released,Balto,7.1,423.0
13,False,44000000,10858,en,Nixon,"An all-star cast powers this epic look at American President Richard M. Nixon, a man carrying the fate of the world on his shoulders while battling the self-destructive demands within. Spanning his troubled boyhood in California to the shocking Watergate scandal that would end his presidency.",5.092,22/12/1995,13681765.0,192.0,Released,Nixon,7.1,72.0
14,False,98000000,1408,en,Cutthroat Island,"Morgan Adams and her slave, William Shaw, are on a quest to recover the three portions of a treasure map. Unfortunately, the final portion is held by her murderous uncle, Dawg. Her crew is skeptical of her leadership abilities, so she must complete her quest before they mutiny against her. This is made yet more difficult by the efforts of the British crown to end her pirate raids.",7.284477,22/12/1995,10017322.0,119.0,Released,Cutthroat Island,5.7,137.0
15,False,52000000,524,en,Casino,The life of the gambling paradise – Las Vegas – and its dark mafia underbelly.,10.137389,22/11/1995,116112375.0,178.0,Released,Casino,7.8,1343.0
16,False,16500000,4584,en,Sense and Sensibility,"Rich Mr. Dashwood dies, leaving his second wife and her daughters poor by the rules of inheritance. Two daughters are the titular opposites.",10.673167,13/12/1995,135000000.0,136.0,Released,Sense and Sensibility,7.2,364.0
17,False,4000000,5,en,Four Rooms,It's Ted the Bellhop's first night on the job...and the hotel's very unusual guests are about to place him in some outrageous predicaments. It seems that this evening's room service is serving up one unbelievable happening after another.,9.026586,09/12/1995,4300000.0,98.0,Released,Four Rooms,6.5,539.0
18,False,30000000,9273,en,Ace Ventura: When Nature Calls,"Summoned from an ashram in Tibet, Ace finds himself on a perilous journey into the jungles of Africa to find Shikaka, the missing sacred animal of the friendly Wachati tribe. He must accomplish this before the wedding of the Wachati's Princess to the prince of the warrior Wachootoos. If Ace fails, the result will be a vicious tribal war.",8.205448,10/11/1995,212385533.0,90.0,Released,Ace Ventura: When Nature Calls,6.1,1128.0
19,False,60000000,11517,en,Money Train,"A vengeful New York transit cop decides to steal a trainload of subway fares; his foster brother, a fellow cop, tries to protect him.",7.337906,21/11/1995,35431113.0,103.0,Released,Money Train,5.4,224.0
20,False,30250000,8012,en,Get Shorty,"Chili Palmer is a Miami mobster who gets sent by his boss, the psychopathic ""Bones"" Barboni, to collect a bad debt from Harry Zimm, a Hollywood producer who specializes in cheesy horror films. When Chili meets Harry's leading lady, the romantic sparks fly. After pitching his own life story as a movie idea, Chili learns that being a mobster and being a Hollywood producer really aren't all that different.",12.669608,20/10/1995,115101622.0,105.0,Released,Get Shorty,6.4,305.0
21,False,0,1710,en,Copycat,An agoraphobic psychologist and a female detective must work together to take down a serial killer who copies serial killers from the past.,10.701801,27/10/1995,0.0,124.0,Released,Copycat,6.5,199.0
22,False,50000000,9691,en,Assassins,"Assassin Robert Rath arrives at a funeral to kill a prominent mobster, only to witness a rival hired gun complete the job for him -- with grisly results. Horrified by the murder of innocent bystanders, Rath decides to take one last job and then return to civilian life. But finding his way out of the world of contract killing grows ever more dangerous as Rath falls for his female target and becomes a marked man himself.",11.065939,06/10/1995,30303072.0,132.0,Released,Assassins,6.0,394.0
23,False,0,12665,en,Powder,"Harassed by classmates who won't accept his shocking appearance, a shy young man known as ""Powder"" struggles to fit in. But the cruel taunts stop when Powder displays a mysterious power that allows him to do incredible things. This phenomenon changes the lives of all those around him in ways they never could have imagined.",12.133094,27/10/1995,0.0,111.0,Released,Powder,6.3,143.0
24,False,3600000,451,en,Leaving Las Vegas,"Ben Sanderson, an alcoholic Hollywood screenwriter who lost everything because of his drinking, arrives in Las Vegas to drink himself to death. There, he meets and forms an uneasy friendship and non-interference pact with prostitute Sera.",10.332025,27/10/1995,49800000.0,112.0,Released,Leaving Las Vegas,7.1,365.0
25,False,0,16420,en,Othello,The evil Iago pretends to be friend of Othello in order to manipulate him to serve his own end in the film version of this Shakespeare classic.,1.845899,15/12/1995,0.0,123.0,Released,Othello,7.0,33.0
26,False,12000000,9263,en,Now and Then,"Waxing nostalgic about the bittersweet passage from childhood to puberty in this tender coming-of-age tale, four childhood girlfriends -- Teeny, Chrissy, Samantha and Roberta -- recall the magical summer of 1970. During their walk down memory lane, they reconcile experiences with boys, secrets, bullies and more.",8.681325,20/10/1995,27400000.0,100.0,Released,Now and Then,6.6,91.0
27,False,0,17015,en,Persuasion,"This film adaptation of Jane Austen's last novel follows Anne Elliot, the daughter of a financially troubled aristocratic family, who is persuaded to break her engagement to Frederick Wentworth, a young sea captain of meager means. Years later, money troubles force Anne's father to rent out the family estate to Admiral Croft, and Anne is again thrown into company with Frederick -- who is now rich, successful and perhaps still in love with Anne.",2.228434,27/09/1995,0.0,104.0,Released,Persuasion,7.4,36.0
28,False,18000000,902,fr,La Cité des Enfants Perdus,"A scientist in a surrealist society kidnaps children to steal their dreams, hoping that they slow his aging process.",9.822423,16/05/1995,1738611.0,108.0,Released,The City of Lost Children,7.6,308.0
29,False,0,37557,zh,摇啊摇，摇到外婆桥,A provincial boy related to a Shanghai crime family is recruited by his uncle into cosmopolitan Shanghai in the 1930s to be a servant to a ganglord's mistress.,1.100915,30/04/1995,0.0,108.0,Released,Shanghai Triad,6.5,17.0
30,False,0,9909,en,Dangerous Minds,"Former Marine Louanne Johnson lands a gig teaching in a pilot program for bright but underachieving teens at a notorious inner-city high school. After having a terrible first day, she decides she must throw decorum to the wind. When Johnson returns to the classroom, she does so armed with a no-nonsense attitude informed by her military training and a fearless determination to better the lives of her students -- no matter what the cost.",9.481338,11/08/1995,180000000.0,99.0,Released,Dangerous Minds,6.4,249.0
31,False,29500000,63,en,Twelve Monkeys,"In the year 2035, convict James Cole reluctantly volunteers to be sent back in time to discover the origin of a deadly virus that wiped out nearly all of the earth's population and forced the survivors into underground communities. But when Cole is mistakenly sent to 1990 instead of 1996, he's arrested and locked up in a mental hospital. There he meets psychiatrist Dr. Kathryn Railly, and patient Jeffrey Goines, the son of a famous virus expert, who may hold the key to the mysterious rogue group, the Army of the 12 Monkeys, thought to be responsible for unleashing the killer disease.",12.297305,29/12/1995,168840000.0,129.0,Released,Twelve Monkeys,7.4,2470.0
32,False,0,78802,fr,"Guillaumet, les ailes du courage",,0.745542,18/09/1996,0.0,50.0,Released,Wings of Courage,6.8,4.0
33,False,30000000,9598,en,Babe,"Babe is a little pig who doesn't quite know his place in the world. With a bunch of odd friends, like Ferdinand the duck who thinks he is a rooster and Fly the dog he calls mom, Babe realizes that he has the makings to become the greatest sheep pig of all time, and Farmer Hogget knows it. With the help of the sheep dogs Babe learns that a pig can be anything that he wants to be.",14.404764,18/07/1995,254134910.0,89.0,Released,Babe,6.0,756.0
34,False,0,47018,en,Carrington,"The story of the relationship between painter Dora Carrington and author Lytton Strachey in a World War One England of cottages and countryside. Although platonic due to Strachey's homosexuality, the relationship was nevertheless a deep and complicated one. When Carrington did develop a more physical relationship with soldier Ralph Partridge, Strachey was able to welcome him as a friend, although Partridge remained somewhat uneasy, not so much with Strachey's lifestyle and sexual orientation as with the fact that he was a conscientious objector.",1.493361,08/11/1995,0.0,121.0,Released,Carrington,6.4,16.0
35,False,11000000,687,en,Dead Man Walking,A justice drama based on a true story about a man on death row who in his last days forms a strong relationship with a nun who teaches him forgiveness and gives him spirituality as she accompanies him to his execution. Susan Sarandon won an Oscar for best female actress for her convincing portrayal of Sister Helen Prejean.,6.891317,29/12/1995,39363635.0,122.0,Released,Dead Man Walking,7.3,350.0
36,False,0,139405,en,Across the Sea of Time,"A young Russian boy, Thomas Minton, travels to New York as a passenger on a Russian freighter. Close to Ellis Island he gets off and thus starts his journey to America the same way as all immigrants in former times. Thomas is searching for the family of one of his ancestors, who had emigrated decades ago, but once sent a letter home together with a sample of his new profession: 3D-Photography. The boy follows his relative's traces by counter-checking the old 3D-Photographs of New York (using an antique viewer) with the same places and how they look today. This way, the audience gets to see the Big Apple in former times as well as today.",0.114469,20/10/1995,0.0,51.0,Released,Across the Sea of Time,3.5,2.0
37,False,0,33689,en,It Takes Two,"Identical 9-year-olds from very different backgrounds: orphaned Amanda and wealthy Alyssa meet at summer camp and decide to switch places -- and play matchmaker between Alyssa's dad, Roger, and the kind social worker who cares for Amanda.",7.777735,17/11/1995,0.0,101.0,Released,It Takes Two,6.1,149.0
38,False,12000000,9603,en,Clueless,"Shallow, rich and socially successful Cher is at the top of her Beverly Hills high school's pecking scale. Seeing herself as a matchmaker, Cher first coaxes two teachers into dating each other. Emboldened by her success, she decides to give hopelessly klutzy new student Tai a makeover. When Tai becomes more popular than she is, Cher realizes that her disapproving ex-stepbrother was right about how misguided she was -- and falls for him.",9.882383,19/07/1995,0.0,97.0,Released,Clueless,6.9,828.0
39,False,0,34615,en,"Cry, the Beloved Country",A South-African preacher goes to search for his wayward son who has committed a crime in the big city.,0.894647,15/12/1995,676525.0,106.0,Released,"Cry, the Beloved Country",6.7,13.0
40,False,0,31174,en,Richard III,Shakespeare's Play transplanted into a 1930s setting.,4.561387,29/12/1995,0.0,104.0,Released,Richard III,6.9,50.0
41,False,10000000,11443,en,Dead Presidents,"Depicts a heist of old bills, retired from circulation and destined by the government to be ""money to burn"". However, more broadly, it addresses the issues of Black Americans' involvement in the Vietnam War and their subsequent disillusionment with progress in social issues and civil rights back home in the United States, during the 1960s.",9.87957,06/10/1995,0.0,119.0,Released,Dead Presidents,6.6,80.0
42,False,19000000,35196,en,Restoration,"An aspiring young physician, Robert Merivel found himself in the service of King Charles II and saves the life of someone close to the King. Merivel joins the King's court and lives the high life provided to someone of his position. Merivel is ordered to marry his King's mistress in order to divert the queens suspicions. He is given one order by the king and that is not to fall in love. The situation worsens when Merivel finds himself in love with his new wife. Eventually, the King finds out and relieves Merivel of his position and wealth. His fall from grace leaves Merivel where he first started. And through his travels and reunions with an old friend, he rediscovers his love for true medicine and what it really means to be a physician.",10.979269,29/12/1995,0.0,117.0,Released,Restoration,6.3,30.0
43,False,18000000,9312,en,Mortal Kombat,"For nine generations an evil sorcerer has been victorious in hand-to-hand battle against his mortal enemies. If he wins a tenth Mortal Kombat tournament, desolation and evil will reign over the multiverse forever. To save Earth, three warriors must overcome seemingly insurmountable odds, their own inner demons, and superhuman foes in this action/adventure movie based on one of the most popular video games of all time.",10.870138,18/08/1995,122195920.0,101.0,Released,Mortal Kombat,5.4,452.0
44,False,20000000,577,en,To Die For,"Susan wants to work in television and will therefore do anything it takes, even if it means killing her husband. A very dark comedy from independent director Gus Van Sant with a brilliant Nicole Kidman in the leading role.",10.448481,20/05/1995,21284514.0,106.0,Released,To Die For,6.7,177.0
45,False,10000000,11861,en,How To Make An American Quilt,"Soon-to-be-wed graduate student Finn Dodd develops cold feet when she suspects her fiancé is cheating on her. In order to clear her head, Finn visits her grandmother, Hy, and great aunt, Glady Joe Cleary, in Grasse, Calif. There, Finn learns that Hy and Glady Joe are members of a group of passionate quilters, and over the course of her visit she is regaled with tales of love and life by women who have collected rich experiences and much wisdom.",4.485958,06/10/1995,23574130.0,116.0,Released,How To Make An American Quilt,6.5,38.0
46,False,33000000,807,en,Se7en,"Two homicide detectives are on a desperate hunt for a serial killer whose crimes are based on the ""seven deadly sins"" in this dark and haunting film that takes viewers from the tortured remains of one victim to the next. The seasoned Det. Sommerset researches each sin in an effort to get inside the killer's mind, while his novice partner, Mills, scoffs at his efforts to unravel the case.",18.45743,22/09/1995,327311859.0,127.0,Released,Se7en,8.1,5915.0
47,False,55000000,10530,en,Pocahontas,"History comes gloriously to life in Disney's epic animated tale about love and adventure in the New World. Pocahontas is a Native American woman whose father has arranged for her to marry her village's best warrior. But a vision tells her change is coming, and soon she comes face to face with it in the form of Capt. John Smith.",13.280069,14/06/1995,346079773.0,81.0,Released,Pocahontas,6.7,1509.0
48,False,0,8391,en,When Night Is Falling,"A prudish woman, working on tenure as a literacy professor at a large urban university, finds herself strangely attracted to a free-spirited, liberal woman whom works at a local carnival which comes to town.",3.302524,05/05/1995,0.0,96.0,Released,When Night Is Falling,5.9,10.0
49,False,6000000,629,en,The Usual Suspects,"Held in an L.A. interrogation room, Verbal Kint attempts to convince the feds that a mythic crime lord, Keyser Soze, not only exists, but was also responsible for drawing him and his four partners into a multi-million dollar heist that ended with an explosion in San Pedro harbor – leaving few survivors. Verbal lures his interrogators with an incredible story of the crime lord's almost supernatural prowess.",16.302466,19/07/1995,23341568.0,106.0,Released,The Usual Suspects,8.1,3334.0
50,False,0,117164,en,Guardian Angel,"Detective - turned - bodyguard Cynthia McKay (Cynthia Rothrock) is hired by a psychotic icy seductress, Nina Lindell (Lydie Denier), the same woman who killed Mckay's lover months earlier.  With vendetta in her heart McKay accompanies the flamboyantly playful womanizer through the glamourous world of the super-rich as his protector.  In a unique role reversal, it is the woman protecting the man from another woman, erupting into a deadly triangle of passion, suspense and action.",0.595949,22/11/1994,0.0,93.0,Released,Guardian Angel,6.3,3.0
51,False,15000000,11448,en,Mighty Aphrodite,"When Lenny and his wife, Amanda, adopt a baby, Lenny realizes that his son is a genius and becomes obsessed with finding the boy's biological mother in hopes that she will be brilliant too. But when he learns that Max's mother is Linda Ash, a kindhearted prostitute and porn star, Lenny is determined to reform her immoral lifestyle. A Greek chorus chimes in to relate the plot to Greek mythology in this quirky comedy.",15.899134,13/09/1995,6700000.0,95.0,Released,Mighty Aphrodite,6.7,145.0
52,False,0,49133,it,Lamerica,"Fiore, an Italian conman, arrives in post Communist Albania with Gino, his young apprentice, to set up a shoe factory that will never open. The con requires a native Albanian, so they designate Spiro, an impoverished and confused former political prisoner as chairman of the board. When Fiore returns to Italy to get government funds for the project, Spiro unexpectedly disappears and Gino sets out on a journey to find him. The search leads him to discover Spiro's tragic personal history and witness Albanian poverty firsthand.",1.361286,01/01/1994,0.0,116.0,Released,Lamerica,7.7,11.0
53,False,0,26441,en,The Big Green,"In a depressed Texas town, British foreign exchange teacher Anna attempts to inject some life into her hopeless kids by introducing them to soccer. They're terrible at first, but Anna and her football-hero assistant whip them into shape. As they work overtime, the pair help kids build their self-esteem and also get involved in solving family squabbles.",5.982764,29/09/1995,0.0,100.0,Released,The Big Green,5.2,41.0
54,False,0,97406,en,Georgia,"Sadie looks up to her older sister Georgia, a successful folk singer who's happily married with children, but can't break out of the bar-band circuit and hit the big time she desperately covets. It's in part due to her attraction to drugs and booze, and also to her own unwise choice in men. Finally, though, Sadie's Achilles heel is a rough, unlovely voice very different than her sister's crowd-pleasing singing.",4.093443,19/05/1995,0.0,115.0,Released,Georgia,6.1,15.0
55,False,0,124057,en,Kids of the Round Table,"Set in modern times, Alex finds King Arthur's sword Excalibur and must prove himself worthy of it.",0.307075,08/07/1997,0.0,89.0,Released,Kids of the Round Table,3.0,1.0
56,False,0,9089,en,Home for the Holidays,"After losing her job, making out with her soon to be ex-boss, and finding out that her daughter plans to spend Thanksgiving with her boyfriend, Claudia Larson has to face spending the holiday with her family. She wonders if she can survive their crazy antics.",8.416802,02/11/1995,17519169.0,103.0,Released,Home for the Holidays,6.3,39.0
57,False,0,11010,it,Il postino,Simple Italian postman learns to love poetry while delivering mail to a famous poet; he uses this to woo local beauty Beatrice.,10.168437,22/09/1994,0.0,108.0,Released,The Postman,7.6,181.0
58,False,0,99040,fr,Le confessionnal,"The year is 1952, in Quebec City. Rachel (16), unmarried and pregnant, works in the church. Filled with shame, she unburdens her guilt to a young priest, under the confidentiality of the confessional. In the present year of 1989, Pierre Lamontagne has returned to Quebec to attend his father's funeral. He meets up with his adopted brother, Marc, who has begun questioning his identity and has embarked on a quest for his roots that would lead them to the Quebec of the 1950s. Past and present converge in a complex web of intrigue where the answer to the mystery lies.",0.120789,29/09/1995,0.0,100.0,Released,The Confessional,6.5,2.0
59,False,45000000,11359,en,The Indian in the Cupboard,A nine-year-old boy gets a plastic Indian and a cupboard for his birthday and finds himself involved in adventure when the Indian comes to life and befriends him.,10.673296,14/07/1995,0.0,96.0,Released,The Indian in the Cupboard,5.9,136.0
60,False,20000000,17182,en,Eye for an Eye,"It's fire and brimstone time as grieving mother Karen McCann takes justice into her own hands when a kangaroo court in Los Angeles fails to convict Robert Doob, the monster who raped and murdered her 17-year-old daughter.",4.733526,12/01/1996,0.0,101.0,Released,Eye for an Eye,5.8,65.0
61,False,0,2054,en,Mr. Holland's Opus,"In 1965, passionate musician Glenn Holland takes a day job as a high school music teacher, convinced it's just a small obstacle on the road to his true calling: writing a historic opus. As the decades roll by with the composition unwritten but generations of students inspired through his teaching, Holland must redefine his life's purpose.",7.137117,29/12/1995,106269971.0,137.0,Released,Mr. Holland's Opus,6.9,115.0
62,False,0,10607,en,Don't Be a Menace to South Central While Drinking Your Juice in the Hood,"When Ashtray (Shawn Wayans) moves to South Central L.A. to live with his father (who appears to be the same age he is) and grandmother (who likes to talk tough and smoke reefer), he falls in with his gang-banging cousin Loc Dog (Marlon Wayans), who along with the requisite pistols and Uzi carries a thermo-nuclear warhead for self-defense. Will Ashtray be able to keep living the straight life?",11.700115,12/01/1996,0.0,89.0,Released,Don't Be a Menace to South Central While Drinking Your Juice in the Hood,6.2,192.0
63,False,0,19760,en,Two If by Sea,"Frank O'Brien, a petty thief, and his 7-year-long girlfriend Roz want to put an end to their unsteady lifestyle and just do that last job, which involves stealing a valuable painting. Frank takes Roz to an island on the coast of New England, where he wants to sell the painting and also hopes that their sagging relationship will get a positive push back up. Not everything goes as planned.",2.174487,12/01/1996,0.0,96.0,Released,Two If by Sea,4.5,14.0
64,False,15000000,9536,en,Bio-Dome,"Bud and Doyle are two losers who are doing nothing with their lives. Both of their girlfriends are actively involved in saving the environment, but the two friends couldn't care less about saving the Earth. One day, when a group of scientists begin a mission to live inside a ""Bio-Dome"" for a year without outside contact, Bud and Doyle mistakenly become part of the project themselves.",6.387469,12/01/1996,0.0,88.0,Released,Bio-Dome,4.4,110.0
65,False,0,11525,en,Lawnmower Man 2: Beyond Cyberspace,"Jobe is resuscitated by Jonathan Walker. He wants Jobe to create a special computer chip that would connect all the computers in the world into one network, which Walker would control and use. But what Walker doesn't realize is a group of teenage hackers are on to him and out to stop his plan.",2.49535,12/01/1996,2409225.0,92.0,Released,Lawnmower Man 2: Beyond Cyberspace,2.8,32.0
66,False,0,40628,en,Two Bits,"It's a hot summer day in 1933 in South Philly, where 12-year old Gennaro lives with his widowed mom and his ailing grandpa, who sits outside holding tight to his last quarter, which he's promised to Gennaro and which Gennaro would like to have to buy a ticket to the plush new movie theater. But grandpa's not ready to pass on the quarter or pass on to his final reward: he has some unfinished business with a woman from his past, and he enlists Gennaro to act as his emissary.",4.046208,22/10/1995,0.0,85.0,Released,Two Bits,5.4,11.0
67,False,0,4482,fr,Gazon maudit,"After learning of her husband's infidelities, a housewife invites an itinerant lesbian to move in with them. None of their lives will ever be the same again.",2.518051,08/02/1995,0.0,95.0,Released,French Twist,6.0,43.0
68,False,3500000,10634,en,Friday,"Craig and Smokey are two guys in Los Angeles hanging out on their porch on a Friday afternoon, smoking and drinking, looking for something to do.",14.56965,26/04/1995,28215918.0,91.0,Released,Friday,7.0,513.0
69,False,19000000,755,en,From Dusk Till Dawn,"Seth Gecko and his younger brother Richard are on the run after a bloody bank robbery in Texas. They escape across the border into Mexico and will be home-free the next morning, when they pay off the local kingpin. They just have to survive 'from dusk till dawn' at the rendezvous point, which turns out to be a Hell of a strip joint.",15.339153,19/01/1996,25836616.0,108.0,Released,From Dusk Till Dawn,6.9,1644.0
70,False,50000000,11859,en,Fair Game,"Max Kirkpatrick is a cop who protects Kate McQuean, a civil law attorney, from a renegade KGB team out to terminate her",5.912223,03/11/1995,11534477.0,91.0,Released,Fair Game,4.1,54.0
71,False,0,28387,en,Kicking and Screaming,"After college graduation, Grover's girlfriend Jane tells him she's moving to Prague to study writing. Grover declines to accompany her, deciding instead to move in with several friends, all of whom can't quite work up the inertia to escape their university's pull. Nobody wants to make any big decisions that would radically alter his life, yet none of them wants to end up like Chet, the professional student who tends bar and is in his tenth year of university studies.",3.367276,06/10/1995,718490.0,96.0,Released,Kicking and Screaming,7.0,36.0
72,False,0,48750,fr,Les misérables,"In France during World War II, a poor and illiterate man, Henri Fortin (Jean-Paul Belmondo), is introduced to Victor Hugo's classic novel Les Misérables and begins to see parallels between the book and his own life.",1.479446,22/03/1995,0.0,175.0,Released,Les Miserables,6.6,8.0
73,False,0,20927,en,Bed of Roses,"The seeds of love are planted when Lisa, a high-powered investment banker, receives flowers from a secret admirer. But when his fairy-tale fantasies clash with her workaholic ways, they soon find out that sometimes, it's harder than it seems for love to conquer all.",10.412194,26/01/1996,19030691.0,87.0,Released,Bed of Roses,5.1,27.0
74,False,15000000,36929,en,Big Bully,"A writer returns to his hometown where he faces the childhood nemesis whose life he ultimately ruined, only the bully wants to relive their painful past by torturing him once again.",2.936443,26/01/1996,2042530.0,90.0,Released,Big Bully,3.9,16.0
75,False,20000000,9102,en,Screamers,"(SIRIUS 6B, Year 2078) On a distant mining planet ravaged by a decade of war, scientists have created the perfect weapon: a blade-wielding, self-replicating race of killing devices known as Screamers designed for one purpose only -- to hunt down and destroy all enemy life forms.",12.758848,08/09/1995,5781885.0,108.0,Released,Screamers,6.1,154.0
76,False,0,124626,en,Nico Icon,"A look into the many lives of Christa Päffgen, otherwise known as Nico; from cutie German mädchen to the first of the supermodels, to glamorous diva of the Velvet Underground, to cult item, junkie and hag. Many faces for the same woman, whom, you realize, just couldn't bring herself to care enough to live.",0.133893,18/02/1995,0.0,70.0,Released,Nico Icon,7.3,3.0
77,False,0,27526,en,The Crossing Guard,"After his daughter died in a hit and run, Freddy Gale has waited six years for John Booth, the man responsible, to be released from prison. On the day of release, Gale visits Booth and announces that he will kill him in one week. Booth uses his time to try and make peace with himself and his entourage, and even finds romance. Gale, whose life is spiraling down because of his obsession towards Booth, will bring himself on the very edge of sanity. At he end of the week, both men will find themselves on a collision course with each other.",5.756462,15/11/1995,0.0,111.0,Released,The Crossing Guard,6.1,74.0
78,False,44000000,9623,en,The Juror,"With his gangster boss on trial for murder, a mob thug known as ""the Teacher"" tells Annie Laird she must talk her fellow jurors into a not-guilty verdict, implying that he'll kill her son Oliver if she fails. She manages to do this, but, when it becomes clear that the mobsters might want to silence her for good, she sends Oliver abroad and tries to gather evidence of the plot against her, setting up a final showdown.",6.010579,02/02/1996,0.0,118.0,Released,The Juror,5.5,91.0
79,False,0,46785,fa,بادکنک سفید,Several people try to take advantage of a little girl's innocence to hustle money her mom gave to her to buy a goldfish with.,1.196256,01/01/1995,0.0,85.0,Released,The White Balloon,7.5,20.0
80,False,8000000,400,en,Things to Do in Denver When You're Dead,A mafia film in Tarantino style with a star-studded cast. Jimmy’s “The Saint” gangster career has finally ended. Yet now he finds him self doing favors for a wise godfather known as “The Man with the Plan.”,4.486179,01/12/1995,529766.0,116.0,Released,Things to Do in Denver When You're Dead,6.7,87.0
81,False,900000,880,nl,Antonia,"After World War II, Antonia and her daughter, Danielle, go back to their Dutch hometown, where Antonia's late mother has bestowed a small farm upon her. There, Antonia settles down and joins a tightly-knit but unusual community. Those around her include quirky friend Crooked Finger, would-be suitor Bas and, eventually for Antonia, a granddaughter and great-granddaughter who help create a strong family of empowered women.",2.030174,12/09/1995,0.0,102.0,Released,Antonia's Line,7.2,26.0
82,False,0,146599,en,Once Upon a Time... When We Were Colored,"This film relates the story of a tightly connected Afro-American community informally called Colored Town where the inhabitants live and depend on each other in a world where racist oppression is everywhere, as told by a boy called Cliff who spent his childhood there. Despite this, we see the life of the community in all its joys and sorrows, of those that live there while others decide to leave for a better life north. For those remaining, things come to a serious situation when one prominent businessman is being muscled out by a white competitor using racist intimidation. In response, the community must make the decision of whether to submit meekly like they always have, or finally fight for their rights.",0.252287,26/01/1996,0.0,115.0,Released,Once Upon a Time... When We Were Colored,4.5,2.0
83,False,0,188588,en,Last Summer in the Hamptons,"Filmed entirely on location in East Hampton, Long Island, ""Last Summer in the Hamptons"" concerns a large theatrical family spending the last weekend of their summer together at the decades-old family retreat which economic circumstances have forced them to put on the market. Victoria Foyt plays a young Hollywood actress whose visit wreaks havoc on the stellar group of family and friends - led by matriarch Viveca Lindfors and made up of an extraordinary mix of prominent New York actors, directors, and playwrights. In the course of a very unusual weekend, comic as well as serious situations arise, and the family's secrets - of which there are many - begin to unravel.",0.531159,22/11/1995,0.0,108.0,Released,Last Summer in the Hamptons,0.0,0.0
84,False,0,8447,en,Angels and Insects,"In Victorian England, wealthy patriarch Sir Harald Alabaster invites an impoverished biologist, William Adamson, into his home. There, William tries to continue his work, but is distracted by Alabaster's seductive daughter, Eugenia. William and Eugenia begin a torrid romance, but as the couple become closer, the young scientist begins to realize that dark, disturbing things are happening behind the closed doors of the Alabaster manor.",2.15166,10/09/1995,0.0,118.0,Released,Angels and Insects,6.3,17.0
85,False,38000000,10534,en,White Squall,Teenage boys discover discipline and camaraderie on an ill-fated sailing voyage.,9.568604,02/02/1996,10300000.0,129.0,Released,White Squall,6.3,86.0
86,False,16000000,17414,en,Dunston Checks In,"Hotel manager Robert Grant is forced by his boss to postpone his family vacation when a hotel critic checks in. Trouble is, the critic is really a villainous jewel thief with an orangutan assistant named Dunston. When Dunston gets loose and tries to escape a life of crime -- aided by Robert's sons -- havoc, hijinks and lots of laughs abound!",4.814825,12/01/1996,0.0,88.0,Released,Dunston Checks In,5.1,59.0
87,False,0,13997,en,Black Sheep,"When dignified Albert Donnelly runs for Governor, his team moves to keep his slow-witted and klutzy younger brother, Mike, out of the eye of the media. To baby-sit Mike, the campaign assigns sarcastic Steve, who gets the experience of a lifetime when he tries to take Mike out of town during the election.",8.963037,01/02/1996,32.0,87.0,Released,Black Sheep,6.0,124.0
88,False,8169363,2086,en,Nick of Time,"Gene Watson is a public accountant who arrives on a train at Union Station in Los Angeles, accompanied by his 6-year-old daughter Lynn. Because of his ordinary looks, he is approached by a pair of sinister people named Smith and Jones.",6.848591,22/11/1995,8175346.0,90.0,Released,Nick of Time,6.1,190.0
89,False,0,61548,en,The Journey of August King,"The Journey of August King is a multi-dimensional drama about a North Carolina farmer in 1815. August King, a widower, is on his way home as he does every year after selling his produce and purchasing the stock and goods he will need to survive the winter. On his journey, he comes upon a run-away slave, a young woman about 19 and August King must decide to violate the law and help this slave to freedom or else leave her to be hunted down and, ultimately, returned to her slave owner.",0.411424,14/09/1995,0.0,91.0,Released,The Journey of August King,6.7,3.0
90,False,47000000,9095,en,Mary Reilly,"A housemaid falls in love with Dr. Jekyll and his darkly mysterious counterpart, Mr. Hyde.",12.866139,23/02/1996,12379402.0,104.0,Released,Mary Reilly,5.7,77.0
91,False,14000000,12158,en,Vampire in Brooklyn,"Maximillian, the lone survivor of a race of vampires, comes to Brooklyn in search of a way to live past the next full moon. His ticket to survival is Rita, a NYPD detective who doesn't know she's half vampire -- and Maximillian will do whatever's necessary to put her under his spell.",9.071127,26/10/1995,19800000.0,100.0,Released,Vampire in Brooklyn,4.5,113.0
92,False,0,9283,en,Beautiful Girls,"During a snowy winter in the small fictional town of Knight""s Ridge, Massachusetts, a group of lifelong buddies hang out, drink and struggle to connect with the women who affect their decisions, dreams and desires.",4.670562,09/02/1996,0.0,112.0,Released,Beautiful Girls,6.6,103.0
93,False,50000000,9208,en,Broken Arrow,"When rogue stealth-fighter pilot Vic Deakins deliberately drops off the radar while on maneuvers, the Air Force ends up with two stolen nuclear warheads -- and Deakins's co-pilot, Riley Hale, is the military's only hope for getting them back. Traversing the deserted canyons of Utah, Hale teams with park ranger Terry Carmichael to put Deakins back in his box.",14.957626,09/02/1996,150270147.0,108.0,Released,Broken Arrow,5.7,459.0
94,False,0,40154,en,A Midwinter's Tale,"Out of work actor Joe volunteers to help try and save his sister's local church for the community by putting on a Christmas production of Hamlet, somewhat against the advice of his agent Margaretta. As the cast he assembles are still available even at Christmas and are prepared to do it on a 'profit sharing' basis (that is, they may not get paid anything) he cannot expect - and does not get - the cream of the cream. But although they all bring their own problems and foibles along, something bigger starts to emerge in the perhaps aptly named village of Hope.",0.513391,01/12/1995,0.0,99.0,Released,A Midwinter's Tale,7.5,6.0
95,False,3000000,406,fr,La Haine,"Aimlessly whiling away their days in the concrete environs of their dead-end suburbia, Vinz, Hubert, and Said -- a Jew, African, and an Arab -- give human faces to France's immigrant populations, their bristling resentment at their social marginalization slowly simmering until it reaches a climactic boiling point. La Haine means Hate.",12.108196,31/05/1995,0.0,98.0,Released,La Haine,7.9,695.0
96,False,0,45549,en,Shopping,"A dark, hip, urban story of a barren and anonymous city where the underclass' sport of choice is ram-raiding. An exciting game in which stolen cars are driven through shop windows to aid large-scale looting before the police arrive. For Tommy, it's a business, but for Billy and Jo, it's a labour of love. As the competition between Tommy and Billy grows more fierce, the stakes become higher and the ""shopping"" trips increasingly risky.",2.657647,06/12/1994,0.0,105.0,Released,Shopping,5.6,13.0
97,False,0,63076,en,Heidi Fleiss: Hollywood Madam,"A documentary crew from the BBC arrives in L.A. intent on interviewing Heidi Fleiss, a year after her arrest for running a brothel but before her trial. Several months elapse before the interview, so the crew searches for anyone who'll talk about the young woman. Two people have a lot to say to the camera: a retired madam named Alex for whom Fleiss once worked and Fleiss's one-time boyfriend, Ivan Nagy, who introduced her to Alex. Alex and Nagy don't like each other, so the crew shuttles between them with ""she said"" and ""he said."" When they finally interview Fleiss, they spend their time reciting what Alex and Nagy have had to say and asking her reaction.",0.638211,27/12/1995,0.0,106.0,Released,Heidi Fleiss: Hollywood Madam,6.8,4.0
98,False,0,11062,en,City Hall,"The accidental shooting of a boy in New York leads to an investigation by the Deputy Mayor, and unexpectedly far-reaching consequences.",4.807223,16/02/1996,0.0,111.0,Released,City Hall,6.0,67.0
99,False,7000000,13685,en,Bottle Rocket,"Upon his release from a mental hospital following a nervous breakdown, the directionless Anthony joins his friend Dignan, who seems far less sane than the former. Dignan has hatched a hair-brained scheme for an as-yet-unspecified crime spree that somehow involves his former boss, the (supposedly) legendary Mr. Henry.",6.904831,21/02/1996,560069.0,91.0,Released,Bottle Rocket,6.8,285.0
100,False,0,47475,en,Mr. Wrong,"A single and lonely woman finds the seemingly perfect man to date, but soon regrets it when his deranged and possessive other personality emerges and worst still, she cannot convince anyone else of his Jekyll/Hyde true nature.",3.329264,16/02/1996,0.0,96.0,Released,Mr. Wrong,3.3,16.0
101,False,18000000,2045,en,Unforgettable,"Ray Liotta stars as a medical examiner who has been acquitted for his wife's murder but many still question his innocence. Obsessed with finding his wife's killer, a possible solution presents itself in an experimental serum designed by a neurobiology Linda Fiorentino which has the ability to transfer memories from one person to another, but not without consequences. Liotta driven to solve the case injects himself with the serum, bringing him closer and closer to finding her killer but bringing him closer to death.",2.464425,23/02/1996,0.0,106.0,Released,Unforgettable,5.3,22.0
102,False,12000000,9614,en,Happy Gilmore,"Failed hockey player-turned-golf whiz Happy Gilmore -- whose unconventional approach and antics on the grass courts the ire of rival Shooter McGavin -- is determined to win a PGA tournament so he can save his granny's house with the prize money. Meanwhile, an attractive tour publicist tries to soften Happy's image.",9.592265,16/02/1996,41205099.0,92.0,Released,Happy Gilmore,6.5,767.0
103,False,24000000,688,en,The Bridges of Madison County,Photographer Robert Kincaid wanders into the life of housewife Francesca Johnson for four days in the 1960s.,5.951077,28/05/1995,182016617.0,135.0,Released,The Bridges of Madison County,7.3,397.0
104,False,0,11907,de,Keiner liebt mich,No overview found.,1.015068,07/11/1994,0.0,104.0,Released,Nobody Loves Me,5.1,5.0
105,False,0,10874,en,Muppet Treasure Island,"After telling the story of Flint's last journey to young Jim Hawkins, Billy Bones has a heart attack and dies just as Jim and his friends are attacked by pirates. The gang escapes into the town where they hire out a boat and crew to find the hidden treasure, which was revealed by Bones before he died. On their voyage across the seas, they soon find out that not everyone on board can be trusted.",6.902423,16/02/1996,34327391.0,100.0,Released,Muppet Treasure Island,6.5,93.0
106,False,0,89333,en,Catwalk,"A documentary following Christy Turlington and other models during spring fashion week in Milan, Paris and New York.",0.976707,08/12/1995,0.0,95.0,Released,Catwalk,7.0,2.0
107,False,0,96357,en,Headless Body in Topless Bar,An ex-con holds a group of people hostage in a topless bar.,0.001346,20/05/1995,0.0,110.0,Released,Headless Body in Topless Bar,0.0,0.0
108,False,72000000,197,en,Braveheart,"Enraged at the slaughter of Murron, his new bride and childhood love, Scottish warrior William Wallace slays a platoon of the local English lord's soldiers. This leads the village to revolt and, eventually, the entire country to rise up against English rule.",20.755149,24/05/1995,210000000.0,177.0,Released,Braveheart,7.7,3404.0
109,False,1300000,103,en,Taxi Driver,"A mentally unstable Vietnam War veteran works as a night-time taxi driver in New York City where the perceived decadence and sleaze feeds his urge for violent action, attempting to save a preadolescent prostitute in the process.",14.092713,07/02/1976,28262574.0,114.0,Released,Taxi Driver,8.1,2632.0
110,False,7500000,33542,cn,紅番區,"Keong comes from Hong Kong to visit New York for his uncle's wedding. His uncle runs a market in the Bronx and Keong offers to help out while Uncle is on his honeymoon. During his stay in the Bronx, Keong befriends a neighbor kid and beats up some neighborhood thugs who cause problems at the market. One of those petty thugs in the local gang stumbles into a criminal situation way over his head.",12.314278,30/01/1995,32392047.0,91.0,Released,Rumble in the Bronx,6.5,245.0
111,False,35000000,43566,en,Before and After,Two parents deal with the effects when their son is accused of murdering his girlfriend.,2.938293,23/02/1996,0.0,108.0,Released,Before and After,5.8,37.0
112,False,0,71754,en,Margaret's Museum,"In a town where half the men die down the coalpit, Margaret MacNeil is quite happy being single in her small Cape Breton island town. Until she meets Neil Currie, a charming and sincere bagpipe-playing, Gaelic-speaking dishwasher. But no matter what you do, you can't avoid the spectre of the pit forever.",0.372697,13/09/1995,0.0,114.0,Released,Margaret's Museum,7.5,2.0
113,False,13365000,43612,en,Le Bonheur est dans le pré,"Francis, the boss of a small plumbing supply company, is harassed by tax collectors, striking employees, and an impossible wife and daughter. His only joy is sharing lunch with his friend Gerard. Then a TV show called ""where are you?"" shows a woman from Gers who is searching for her husband who disappeared 28 years ago. The lost husband looks like an identical twin of Francis...",1.254885,31/01/1995,0.0,106.0,Released,Happiness Is in the Field,7.0,23.0
114,False,0,51352,en,Anne Frank Remembered,"Using previously unreleased archival material in addition to contemporary interviews, this academy award-winning documentary tells the story of the Frank family and presents the first fully-rounded portrait of their brash and free-spirited daughter Anne, perhaps the world's most famous victim of the Holocaust. Written by Dawn M. Barclift",0.243986,08/06/1995,1.0,117.0,Released,Anne Frank Remembered,7.3,4.0
115,False,0,16934,en,The Young Poisoner's Handbook,"A sinister tale of genius gone wrong, The Young Poisoner's Handbook chronicles a young man's descent into madness against the absurd backdrop of suburban English life. Hugh O'Conor plays Graham Young, a schoolboy from the London suburbs whose deadly obsession with toxic substances causes him to dabble in experimental murder.",6.178497,20/01/1995,0.0,99.0,Released,The Young Poisoner's Handbook,6.9,19.0
116,False,0,10324,en,If Lucy Fell,"Joe and Lucy are roommates and best friends. Lucy, whose love life is embarrassingly dull, convinces Joe, who is infatuated with a neighbor he's never met, that if they don't have stable romances within a month, they must jump off the Brooklyn Bridge.",2.891918,08/03/1996,0.0,92.0,Released,If Lucy Fell,5.4,11.0
117,False,25000000,78406,en,Steal Big Steal Little,"Ruben and Robby are twin brothers, adopted by Mona, one of the wealthiest - and most eccentric - women in Santa Barbara. Ruben is devoted to Mona, but Robby is more devoted to her money. So when Mona leaves her fortune and estate to Ruben it starts a battle between brothers that soon leads to madness, mayhem, and even attempted murder. On Ruben's side is Lou Perilli an ex-Chicago cop and used car dealer who knows the law - and how to get around it. On Robby's side is ruthless businessman Reed Tyler, who is out to turn a swift profit on Mona's property. Walking a shifty line between them is Eddie Agopian, the family lawyer, who doesn't care which side wins as long as he's on the winner's side. But whether they're stealing big or stealing little, they're all stealing in this hilarious comedy about greed, power... and brotherly love.",1.522412,29/09/1995,6278139.0,113.0,Released,Steal Big Steal Little,5.1,7.0
118,False,0,55731,en,Race the Sun,"A bunch of high school misfits in Hawaii, introduced by their new teacher, attend a science fair in which they draw up inspiration to build their own solar car and win a trip to compete in the 1990 World Solar Challenge in Australia.",1.317878,22/03/1996,0.0,100.0,Released,Race the Sun,5.2,21.0
119,False,0,32119,en,The Boys of St. Vincent,The true story of boys being sexually abused at their orphanage ran by a religious community in Newfoundland.,0.86539,06/12/1992,0.0,90.0,Released,The Boys of St. Vincent,7.0,7.0
120,False,40000000,11066,en,Boomerang,"Marcus is a successful advertising executive who woos and beds women almost at will. After a company merger he finds that his new boss, the ravishing Jacqueline, is treating him in exactly the same way. Completely traumatised by this, his work goes badly downhill.",6.506983,30/06/1992,70100000.0,117.0,Released,Boomerang,5.4,139.0
121,False,0,11104,cn,重慶森林,"Every day, Cop 223 buys a can of pineapple with an expiration date of May 1, symbolizing the day he'll get over his lost love. He's also got his eye on a mysterious woman in a blond wig, oblivious of the fact she's a drug dealer. Cop 663 is distraught with heartbreak over a breakup. But when his ex drops a spare set of his keys at a local cafe, a waitress lets herself into his apartment and spruces up his life.",6.778979,14/07/1994,0.0,102.0,Released,Chungking Express,7.9,249.0
122,False,0,37975,it,L'uomo delle stelle,The adventures and deceptions of a photographer who travels through the small villages of Sicily pretending that he is working for the big film studios in Rome.,1.702639,21/09/1995,0.0,113.0,Released,The Star Maker,6.8,29.0
123,False,7000000,2074,en,Flirting with Disaster,"Adopted as a child, new father Mel Colpin (Ben Stiller) decides he cannot name his son until he knows his birth parents, and determines to make a cross-country quest to find them. Accompanied by his wife, Nancy (Patricia Arquette), and an inept yet gorgeous adoption agent, Tina (Tea Leoni), he departs on an epic road trip that quickly devolves into a farce of mistaken identities, wrong turns, and overzealous and love-struck ATF agents (Josh Brolin, Richard Jenkins).",5.579088,22/03/1996,14702438.0,92.0,Released,Flirting with Disaster,6.3,66.0
124,False,17000000,27793,en,The NeverEnding Story III,A young boy must restore order when a group of bullies steal the magical book that acts as a portal between Earth and the imaginary world of Fantasia.,6.252377,26/10/1994,0.0,95.0,Released,The Neverending Story III: Escape from Fantasia,4.4,105.0
125,False,0,44284,ar,صمت القصور,The death of a prince brings a young woman back to the palace where she was born into servitude. The lingering legacy of the harem is brought into light from behind frosted windows and velvet curtains.,0.406754,30/09/1994,0.0,116.0,Released,The Silences of the Palace,4.3,3.0
126,False,0,290157,en,Jupiter's Wife,"Michel Negroponte, a documentary filmmaker, meets Maggie one day in Central Park. Maggie claims to be married to the god Jupiter and the daughter of actor Robert Ryan. Michel gets to know Maggie over the next couple of years, and attempts to use her often outlandish stories as clues to reconstruct her past.
 - Written by James Meek",0.001178,01/01/1995,0.0,87.0,Released,Jupiter's Wife,0.0,0.0
127,False,0,110972,en,Pie in the Sky,Pie in the Sky is a 1996 American romantic comedy film about a young man obsessed with traffic gridlock who falls in love with an avant-garde dancer.,0.699066,09/02/1996,0.0,95.0,Released,Pie in the Sky,7.0,2.0
128,False,0,32622,en,Angela,"A ten year old girl named Angela leads her six year old sister, Ellie, through various regimens of 'purification' in an attempt to rid themselves of their evil, which she believes to be the cause of their mother's mental illness. Precocious, to say the least, Angela has visions of Lucifer coming to take her and her sister away, and one of her remedies for this is for them to remain within a circle of their dolls and toys until they see a vision of the virgin Mary come to them. But such thinking can only lead to an ending befitting of her own mental state.",2.197439,01/01/1995,0.0,99.0,Released,Angela,5.6,9.0
129,False,0,73067,it,Frankie Starlight,The quirky story of a young boy's adventures growing up with his stunningly beautiful mother and the two very different men who love her.,0.637554,22/11/1995,0.0,101.0,Released,Frankie Starlight,5.4,4.0
130,False,50000000,11863,en,Jade,"Someone does a nasty hatchet job on a San Fransisco big noise and the Assistant D.A. takes charge of the investigation. Through a web of blackmail and prostitution involving the Governor, an old lover of the law man emerges as a prime suspect and he has to deal with his personal feelings as well as the case.",11.418917,13/10/1995,9851610.0,95.0,Released,Jade,5.1,45.0
131,False,0,55475,es,Nueba Yol,"Balbuena is a genial illegal immigrant who makes his way to New York City to take a bite out of the Big Apple. But his hopes of finding a better life soon begin to fade as Balbuena encounters one obstacle after another in the hardscrabble, uncaring metropolis.",0.291021,16/08/1995,0.0,102.0,Released,Nueba Yol,5.5,1.0
132,False,0,124636,en,Sonic Outlaws,"Within days after the release of Negativland's clever parody of U2 and Casey Kasem, recording industry giant Island Records descended upon the band with a battery of lawyers intent on erasing the piece from the history of rock music.  Craig ""Tribulation 99"" Baldwin follows this and other intellectual property controversies across the contemporary arts scene. Playful and ironic, his cut-and-paste collage-essay surveys the prospects for an ""electronic folk culture"" in the midst of an increasingly commodified corporate media landscape.",0.001838,01/08/1995,0.0,87.0,Released,Sonic Outlaws,0.0,0.0
133,False,0,9101,en,Down Periscope,"Bumbling Navy lieutenant Tom Dodge has been given one last chance to clean up his record. But Admiral Graham, his nemesis, assigns Dodge to the Stingray, a submarine that can barely keep afloat. To add insult to injury, the Stingray is to be the enemy flagship in the upcoming war games … and to make matters even worse, Dodge's crew is a band of idiots even more incompetent that he is!",5.184977,01/03/1996,0.0,92.0,Released,Down Periscope,5.6,110.0
134,False,0,123360,en,From the Journals of Jean Seberg,"Mark Rappaport's creative bio-pic about actress Jean Seberg is presented in a first-person, autobiographical format (with Seberg played by Mary Beth Hurt). He seamlessly interweaves cinema, politics, American society and culture, and film theory to inform, entertain, and move the viewer. Seberg's many marriages, as well as her film roles, are discussed extensively. Her involvement with the Black Panther Movement and subsequent investigation by the FBI is covered. Notably, details of French New Wave cinema, Russian Expressionist (silent) films, and the careers of Jane Fonda, Vanessa Redgrave, and Clint Eastwood are also intensively examined. Much of the film is based on conjecture, but Rappaport encourages viewers to re-examine their ideas about women in film with this thought-provoking picture.",0.276401,08/09/1995,0.0,97.0,Released,From the Journals of Jean Seberg,6.5,2.0
135,False,0,5757,en,Man of the Year,"First-time director Dirk Shafer also penned this raucous ""mockumentary,"" a blend of fact and fiction that re-creates his 1992 reign as Playgirl magazine's Centerfold of the Year. When Shafer chooses to keep the fact that he's gay a secret from the magazine's editors, he finds himself living the ultimate lie -- and incapable of giving female readers what they really want. Will he succumb to his lover's pressures to come out of the closet?",0.540436,15/09/1995,209935.0,86.0,Released,Man of the Year,3.8,2.0
136,False,0,39428,en,The Neon Bible,"While on a train, a teenage boy thinks about his life and the flamboyant aunt whose friendship acted as an emotional shield from his troubled family. This film evokes the haunting quality of memory while creating a heartfelt portrait of a boy's life in a rural 1940s Southern town.",0.370342,23/08/1995,0.0,91.0,Released,The Neon Bible,7.2,5.0
137,False,0,124639,en,Target,A subtle yet violent commentary on feudal lords.,0.001205,01/08/1995,0.0,122.0,Released,Target,0.0,0.0
138,False,60000000,9302,en,Up Close & Personal,"Tally Atwater has a dream: to be a prime-time network newscaster. She pursues this dream with nothing but ambition, raw talent and a homemade demo tape. Warren Justice is a brilliant, hard edged, veteran newsman. He sees Tally has talent and becomes her mentor. Tally’s career takes a meteoric rise and she and Warren fall in love. The romance that results is as intense and revealing as television news itself. Yet, each breaking story, every videotaped crisis that brings them together, also threatens to drive them apart...",3.402749,01/03/1996,0.0,119.0,Released,Up Close & Personal,5.9,51.0
139,False,31000000,11000,en,The Birdcage,A gay cabaret owner and his drag queen companion agree to put up a false straight front so that their son can introduce them to his fiancé's right-wing moralistic parents.,6.49968,08/03/1996,185260553.0,117.0,Released,The Birdcage,6.7,303.0
140,False,0,249882,en,Gospa,"In 1981 in Medjugorje (BA), a group of kids claim that Virgin Mary appeared to them on a hill. The local priest believes them and spreads the word. Religious tourism blossoms. The communist government is concerned and arrests the priest.",0.918504,12/10/1995,0.0,125.0,Released,Virgin Mary,7.0,2.0
141,False,0,16388,en,The Brothers McMullen,"Deals with the lives of the three Irish Catholic McMullen brothers from Long Island, New York, over three months, as they grapple with basic ideas and values — love, sex, marriage, religion and family — in the 1990s. Directed, written, produced by and starring Edward Burns.",2.039196,09/08/1995,0.0,98.0,Released,The Brothers McMullen,6.3,23.0
142,False,19000000,9737,en,Bad Boys,"Marcus Burnett is a hen-pecked family man. Mike Lowry is a foot-loose and fancy free ladies' man. Both are Miami policemen, and both have 72 hours to reclaim a consignment of drugs stolen from under their station's nose. To complicate matters, in order to get the assistance of the sole witness to a murder, they have to pretend to be each other.",9.262184,07/04/1995,141407024.0,118.0,Released,Bad Boys,6.5,1729.0
143,False,0,30765,en,The Amazing Panda Adventure,"Far from home in the lush bamboo forests of China, ten-year-old Ryan Tyler, with the help of a young girl, goes on a wonderful journey to rescue a baby panda taken by poachers.",2.375865,25/08/1995,0.0,81.0,Released,The Amazing Panda Adventure,5.0,31.0
144,False,0,10474,en,The Basketball Diaries,Film adaptation of street tough Jim Carroll's epistle about his kaleidoscopic free fall into the harrowing world of drug addiction.,7.415144,21/04/1995,0.0,102.0,Released,The Basketball Diaries,7.2,472.0
145,False,4000000,22279,en,An Awfully Big Adventure,"An Awfully Big Adventure is a 1995 drama film about a theatre company in Liverpool, set in 1947 and based on the 1989 novel of the same name by Beryl Bainbridge.",0.922958,21/07/1995,851545.0,113.0,Released,An Awfully Big Adventure,6.0,11.0
146,False,0,30157,en,Amateur,"A man wakes up in an alley, bleeding and with no memory of who he is. He stumbles into a coffee shop and is befriended by a charitable ex-nun who is failing in her attempts to write marketable pornography.",1.759012,05/08/1994,0.0,105.0,Released,Amateur,6.5,21.0
147,False,52000000,568,en,Apollo 13,"The true story of technical troubles that scuttle the Apollo 13 lunar mission in 1971, risking the lives of astronaut Jim Lovell and his crew, with the failed journey turning into a thrilling saga of heroism. Drifting more than 200,000 miles from Earth, the astronauts work furiously with the ground crew to avert tragedy.",18.761467,30/06/1995,355237933.0,140.0,Released,Apollo 13,7.3,1637.0
148,False,28000000,11780,en,Rob Roy,"In the highlands of Scotland in the 1700s, Rob Roy tries to lead his small town to a better future, by borrowing money from the local nobility to buy cattle to herd to market. When the money is stolen, Rob is forced into a Robin Hood lifestyle to defend his family and honour.",10.193549,13/04/1995,31596911.0,139.0,Released,Rob Roy,6.5,151.0
149,False,0,34996,en,The Addiction,A vampiric doctoral student tries to follow the philosophy of a nocturnal comrade and control her thirst for blood.,3.137285,10/01/1995,0.0,82.0,Released,The Addiction,6.4,46.0
150,False,100000000,414,en,Batman Forever,"The Dark Knight of Gotham City confronts a dastardly duo: Two-Face and the Riddler. Formerly District Attorney Harvey Dent, Two-Face believes Batman caused the courtroom accident which left him disfigured on one side. And Edward Nygma, computer-genius and former employee of millionaire Bruce Wayne, is out to get the philanthropist; as The Riddler. Former circus acrobat Dick Grayson, his family killed by Two-Face, becomes Wayne's ward and Batman's new partner Robin.",13.321354,16/06/1995,336529144.0,121.0,Released,Batman Forever,5.2,1529.0
151,False,0,649,fr,Belle de jour,"Beautiful young housewife Séverine Serizy cannot reconcile her masochistic fantasies with her everyday life alongside dutiful husband Pierre. When her lovestruck friend Henri mentions a secretive high-class brothel run by Madame Anais, Séverine begins to work there during the day under the name Belle de Jour. But when one of her clients grows possessive, she must try to go back to her normal life.",10.142662,24/05/1967,0.0,101.0,Released,Belle de Jour,7.3,163.0
152,False,0,1873,en,Beyond Rangoon,"Patricia Arquette stars as American widow Laura Bowman, a young doctor who's unwittingly drawn into political turmoil while vacationing in Burma in the late 1980s, in this fictionalized drama based on actual events. Bowman initially left San Francisco with her sister (Frances McDormand) in an attempt to escape painful memories of her husband and son's violent deaths. But her fight to escape to Thailand could prove just as harrowing.",2.04189,24/05/1995,0.0,100.0,Released,Beyond Rangoon,6.4,21.0
153,False,2000000,5894,en,Blue in the Face,"Auggie runs a small tobacco shop in Brooklyn, New York. The whole neighborhood comes to visit him to buy cigarettes and have some small talk. During the movie Lou Reed tries to explain why he has to have a cut on his health insurance bill if he keeps smoking and Madonna acts as a Singing Telegram.",11.528147,15/09/1995,1275000.0,83.0,Released,Blue in the Face,6.8,28.0
154,False,11000000,1775,en,Canadian Bacon,Canadian Bacon is the only fictitious film from Director Michael Moore. This comedy is about an American president who decides to go to war to bring the public’s opinion of him up during election time. Canadian Bacon is actor John Candy’s last film.,5.391556,08/06/1995,178104.0,91.0,Released,Canadian Bacon,5.9,57.0
155,False,50000000,8839,en,Casper,"Furious that her late father only willed her his gloomy-looking mansion rather than his millions, Carrigan Crittenden is ready to burn the place to the ground when she discovers a map to a treasure hidden in the house. But when she enters the rickety mansion to seek her claim, she is frightened away by a wicked wave of ghosts. Determined to get her hands on this hidden fortune, she hires afterlife therapist Dr. James Harvey to exorcise the ghosts from the mansion. Harvey and his daughter Kat move in, and soon Kat meets Casper, the ghost of a young boy who's ""the friendliest ghost you know."" But not so friendly are Casper's uncles--Stretch, Fatso and Stinkie--who are determined to drive all ""fleshies"" away.",12.812539,26/05/1995,287928194.0,100.0,Released,Casper,6.0,1045.0
156,False,25000000,20649,en,Clockers,"Strike is a young city drug pusher under the tutelage of drug-lord Rodney Little.When a night man at a fast-food restaurant is found with four bullets in his body, Strike's older brother turns himself in as the killer. Det. Rocco Klein doesn't buy the story, however, and sets out to find the truth, and it seems that all the fingers point toward Strike &amp; Rodney.",4.558992,15/09/1995,13071518.0,128.0,Released,Clockers,6.8,69.0
157,False,50000000,10329,en,Congo,"Eight people embark on an expedition into the Congo, a mysterious expanse of unexplored Africa where human greed and the laws of nature have gone berserk. When the thrill-seekers -- some with ulterior motives -- stumble across a race of killer apes.",7.260574,09/06/1995,152022101.0,109.0,Released,Congo,5.0,214.0
158,False,53000000,8963,en,Crimson Tide,"On a US nuclear missile sub, a young first officer stages a mutiny to prevent his trigger happy captain from launching his missiles before confirming his orders to do so.",8.657365,12/05/1995,157387195.0,116.0,Released,Crimson Tide,7.0,508.0
159,False,0,26564,en,Crumb,"This movie chronicles the life and times of R. Crumb. Robert Crumb is the cartoonist/artist who drew Keep On Truckin', Fritz the Cat, and played a major pioneering role in the genesis of underground comix. Through interviews with his mother, two brothers, wife, and ex-girlfriends, as well as selections from his vast quantity of graphic art, we are treated to a darkly comic ride through one man's subconscious mind.",3.620388,10/09/1994,3174695.0,119.0,Released,Crumb,7.6,71.0
160,False,7000000,8068,en,Desperado,A gunslinger is embroiled in a war with a local drug runner.,6.950458,25/08/1995,25405445.0,104.0,Released,Desperado,6.8,898.0
161,False,27000000,8512,en,Devil in a Blue Dress,"In late 1940s Los Angeles, Easy Rawlins is an unemployed black World War II veteran with few job prospects. At a bar, Easy meets DeWitt Albright, a mysterious white man looking for someone to investigate the disappearance of a missing white woman named Daphne Monet, who he suspects is hiding out in one of the city's black jazz clubs. Strapped for money and facing house payments, Easy takes the job, but soon finds himself in over his head.",4.646132,15/09/1995,16140822.0,102.0,Released,Devil in a Blue Dress,6.3,88.0
162,False,90000000,1572,en,Die Hard: With a Vengeance,"New York detective John McClane is back and kicking bad-guy butt in the third installment of this action-packed series, which finds him teaming with civilian Zeus Carver to prevent the loss of innocent lives. McClane thought he'd seen it all, until a genius named Simon engages McClane, his new ""partner"" -- and his beloved city -- in a deadly game that demands their concentration.",15.138855,19/05/1995,366101666.0,128.0,Released,Die Hard: With a Vengeance,6.9,2094.0
163,False,0,13552,en,The Doom Generation,"Jordan White and Amy Blue, two troubled teens, pick up an adolescent drifter, Xavier Red. Together, the threesome embark on a sex and violence-filled journey through an America of psychos and quickiemarts.",7.120806,27/10/1995,0.0,80.0,Released,The Doom Generation,5.6,57.0
164,False,0,259209,en,Feast of July,"After an abandoned young woman in late 19th Century England is taken in by a rural couple with three handsome sons, tragic consequences result.",0.523575,12/10/1995,0.0,116.0,Released,Feast of July,0.0,0.0
165,False,55000000,6520,en,First Knight,"The timeless tale of King Arthur and the legend of Camelot are retold in this passionate period drama. Arthur is reluctant to hand the crown to Lancelot, and Guinevere is torn between her loyalty to her husband and her growing love for his rival. But Lancelot must balance his loyalty to the throne with the rewards of true love.",15.178338,07/07/1995,127600435.0,134.0,Released,First Knight,5.9,319.0
166,False,0,9073,en,Free Willy 2 - The Adventure Home,Jesse becomes reunited with Willy three years after the whale's jump to freedom as the teenager tries to rescue the killer whale and other orcas from an oil spill.,7.575098,19/07/1995,0.0,95.0,Released,Free Willy 2 - The Adventure Home,5.5,130.0
167,False,20000000,10428,en,Hackers,"Along with his new friends, a teenager who was arrested by the US Secret Service and banned from using a computer for writing a computer virus discovers a plot by a nefarious hacker, but they must use their computer skills to find the evidence while being pursued by the Secret Service and the evil computer genius behind the virus.",14.810519,14/09/1995,7563728.0,107.0,Released,Hackers,6.2,406.0
168,False,0,17447,en,Jeffrey,"Jeffery, a young gay man in New York, decides that sex is too much and decided to become celibate. He immediately meets the man of his dreams and must decide whether or not love is worth the danger of a boyfriend dying.",3.196456,18/08/1995,0.0,92.0,Released,Jeffrey,6.5,19.0
169,False,25000000,9886,en,Johnny Mnemonic,"A data courier, literally carrying a data package inside his head, must deliver it before he dies from the burden or is killed by the Yakuza.  In a dystopian 2021, Johnny (Keanu Reeves) is a data trafficker who has an implant that allows him to securely store data too sensitive for regular computer networks. On one delivery run, he accepts a package that not only exceeds the implant's safety limits - and will kill him if the data is not removed in time - but also contains information far more important and valuable than he had ever imagined. On a race against time, he must avoid the assassins sent to kill him and remove the data before it, too, ends his life.",11.715868,26/05/1995,19075720.0,97.0,Released,Johnny Mnemonic,5.5,380.0
170,False,90000000,9482,en,Judge Dredd,"In a dystopian future, Dredd, the most famous judge (a cop with instant field judiciary powers) is convicted for a crime he did not commit while his murderous counterpart escapes.",8.184815,30/06/1995,113493481.0,96.0,Released,Judge Dredd,5.4,643.0
171,False,0,19326,en,Jury Duty,"When jobless Tommy Collins discovers that sequestered jurors earn free room and board as well as $5-a-day, he gets himself assigned to a jury in a murder trial. Once there, he does everything he can to prolong the trial and deliberations and make the sequestration more comfortable for himself.",3.676921,12/04/1995,17014653.0,88.0,Released,Jury Duty,4.0,34.0
172,False,1500000,9344,en,Kids,"A controversial portrayal of teens in New York City which exposes a deeply disturbing world of sex and substance abuse. The film focuses on a sexually reckless, freckle-faced boy named Telly, whose goal is to have sex with as many different girls as he can. When Jenny, a girl who has had sex only once, tests positive for HIV, she knows she contracted the disease from Telly. When Jenny discovers that Telly's idea of ""safe sex"" is to only have sex with virgins, and is continuing to pass the disease onto other unsuspecting girls, Jenny makes it her business to try to stop him.",4.877872,28/07/1995,7412216.0,91.0,Released,Kids,6.8,280.0
173,False,500000,9071,en,Living in Oblivion,Film about filmmaking. It takes place during one day on set of non-budget movie. Ultimate tribute to all independent filmmakers.,10.058329,20/01/1995,1148752.0,89.0,Released,Living in Oblivion,7.2,64.0
174,False,0,8973,en,Lord of Illusions,"During a routine case in L.A., NY private investigator Harry D'Amour stumbles over members of a fanatic cult who are preparing for the resurrection of their leader Nix, a powerful magician who was killed 13 years earlier.",4.102409,25/08/1995,0.0,119.0,Released,Lord of Illusions,5.9,87.0
175,False,0,15730,en,Love & Human Remains,"Dreary urban landscape of an anonymous Canadian city. Dark comedy about a group of twentysomethings looking for love and meaning in the '90s. The film focuses on roommates David, a gay waiter who has has given up on his acting career, and Candy, a book reviewer who is also David's ex-lover. David and Candy's lives are entangled with those of David's friends and Candy's dates.",0.354014,20/05/1993,0.0,100.0,Released,Love & Human Remains,7.0,7.0
176,False,0,47608,en,Mad Love,"Matt falls for Casey, the new girl in school. She's fun-loving and eccentric, but there's a darkness to her whimsy that Matt can't begin to comprehend. When Casey attempts to commit suicide, her parents place her in a mental institution. Matt springs her out, and together the young lovers head on a road trip. They believe their love can ""cure"" Casey's problems. Matt starts to wonder, though, if are they inspired or misguided.",2.624771,26/05/1995,15453274.0,95.0,Released,Mad Love,5.5,27.0
177,False,6000000,2293,en,Mallrats,"Both dumped by their girlfriends, two best friends seek refuge in the local mall.",8.25547,20/10/1995,2122561.0,94.0,Released,Mallrats,6.8,400.0
178,False,15000000,9070,en,Mighty Morphin Power Rangers: The Movie,"Power up with six incredible teens who out-maneuver and defeat evil everywhere as the Mighty Morphin Power Ranger, But this time the Power Rangers may have met their match, when they face off with the most sinister monster the galaxy has ever seen.",7.024227,30/06/1995,66000000.0,92.0,Released,Mighty Morphin Power Rangers: The Movie,5.2,153.0
179,False,0,68274,en,Moonlight and Valentino,Four women who discover untapped strength within themselves when they finally let go of what divides them,1.01115,29/09/1995,0.0,100.0,Released,Moonlight and Valentino,5.6,10.0
180,False,2,48787,en,Mute Witness,"Billy is mute, but it hasn't kept her from becoming a successful makeup artist. While in Russia, working on a film directed by her sister's boyfriend, Andy, Billy finds herself trapped in the studio one night and is horrified to see a snuff film being made. Billy escapes and, with the help of her sister, Kate, alerts authorities about what she saw. Unfortunately, in doing so, she makes an enemy of the Russian mafia, who funded the snuff film.",2.466066,28/09/1995,1.0,95.0,Released,Mute Witness,6.4,36.0
181,False,0,34574,en,Nadja,"This ultra-hip, post-modern vampire tale is set in contemporary New York City. Members of a dysfunctional family of vampires are trying to come to terms with each other, in the wake of their father's death. Meanwhile, they are being hunted by Dr. Van Helsing and his hapless nephew. As in all good vampire movies, forces of love are pitted against forces of destruction.",7.720056,13/09/1994,0.0,93.0,Released,Nadja,5.9,12.0
182,False,22000000,1642,en,The Net,"Angela Bennett is a freelance software engineer who lives in a world of computer technology. When a cyber friend asks Bennett to debug a new game, she inadvertently becomes involved in a conspiracy that will soon turn her life upside down. While on vacation in Mexico, her purse is stolen. She soon finds that people and events may not be what they seem as she becomes the target of an assassination. Her vacation is ruined.  She gets a new passport at the U.S. Embassy in Mexico but it has the wrong name, Ruth Marx. When she returns to the U.S. to sort things out, she discovers that Ruth Marx has an unsavory past and a lengthy  police record. To make matters worse, another person has assumed her real identity ...",13.304342,28/07/1995,110627965.0,114.0,Released,The Net,5.6,359.0
183,False,0,11472,en,Nine Months,"When he finds out his longtime girlfriend is pregnant, a commitment-phobe realizes he might have to change his lifestyle for better or much, much worse.",8.482834,12/07/1995,69660733.0,103.0,Released,Nine Months,5.5,171.0
184,False,150000,36196,en,Party Girl,"Although Mary has little income, she still finds ways to spend her nights at clubs. After being arrested for throwing an illegal rave, she asks her aunt Judy for bail money. Judy then finds Mary a job at her library so that Mary can repay her. Initially, Mary finds the job as a clerk boring and stifling, and prefers to get to know a street food vendor whom she likes. However, Mary must refocus her life once she loses her job and apartment.",1.165039,09/06/1995,472370.0,94.0,Released,Party Girl,5.8,14.0
185,False,8,11980,en,The Prophecy,"The angel Gabriel comes to Earth to collect a soul which will end the stalemated war in Heaven, and only a former priest and a little girl can stop him.",10.187623,01/09/1995,16.0,98.0,Released,The Prophecy,6.4,139.0
186,False,0,58372,en,Reckless,"On Christmas eve, a relentlessly cheerful woman escapes from the killers hired by her husband, and embarks on a series of strange encounters.",0.119713,17/11/1995,0.0,91.0,Released,Reckless,10.0,1.0
187,False,0,32646,en,Safe,"Carol, a typical upper middle-class housewife, begins to complain of vague symptoms of illness. She ""doesn't feel right,"" has unexplained headaches, congestion, a dry cough, nosebleeds, vomiting, and trouble breathing. Her family doctor treats her concerns dismissively and suggests a psychiatrist. Eventually, an allergist tells her that she has Environmental Illness.",8.180047,23/06/1995,0.0,119.0,Released,Safe,7.2,62.0
188,False,50000000,10533,en,The Scarlet Letter,"Set in puritanical Boston in the mid 1600s, the story of seamstress Hester Prynne, who is outcast after she becomes pregnant by a respected reverend. She refuses to divulge the name of the father, is ""convicted"" of adultery and forced to wear a scarlet ""A"" until an Indian attack unites the Puritans and leads to a reevaluation of their laws and morals.",6.752119,13/10/1995,10382407.0,135.0,Released,The Scarlet Letter,5.5,111.0
189,False,0,56088,en,The Show,"A documentary about the culture of hip-hop. Through interviews with some of hip-hops biggest names, the film makers attempt to find out why it has become so popular.",0.159596,25/08/1995,0.0,93.0,,The Show,5.3,2.0
190,False,45000000,10802,en,Showgirls,A young drifter named Nomi arrives in Las Vegas to become a dancer and soon sets about clawing and pushing her way to become a top showgirl.,17.502375,22/09/1995,20350754.0,128.0,Released,Showgirls,4.9,261.0
191,False,7000000,10149,en,Smoke,"Writer Paul Benjamin is nearly hit by a bus when he leaves Auggie Wren's smoke shop. Stranger Rashid Cole  saves his life, and soon middle-aged Paul tells homeless Rashid that he wouldn't mind a short-term housemate. Still grieving over his wife's murder, Paul is moved by both Rashid's quest to reconnect with his father and Auggie's discovery that a woman who might be his daughter is about to give birth.",5.552946,09/06/1995,8349430.0,112.0,Released,Smoke,7.2,115.0
192,False,0,18402,en,Something to Talk About,"In one of her best-ever roles, Julia Roberts is Grace, whose reaction to the infidelities of Eddie (Dennis Quaid) turns the lives and loves of the people around her into something like falling dominoes. Robert Duvall, Gena Rowlands, Kyra Sedgwick and others in ""the year's best ensemble of characters"" (Jack Matthews, 'Newsday') co-star in this juicy, truthful story written by Callie Khouri",3.743212,04/08/1995,50892160.0,106.0,Released,Something to Talk About,5.7,60.0
193,False,35000000,9348,en,Species,"In 1993, the Search for Extra Terrestrial Intelligence Project receives a transmission detailing an alien DNA structure, along with instructions on how to splice it with human DNA. The result is Sil, a sensual but deadly creature who can change from a beautiful woman to an armour-plated killing machine in the blink of an eye.",13.492845,07/07/1995,113374103.0,108.0,Released,Species,5.5,457.0
194,False,0,139408,en,The Stars Fell on Henrietta,"The setting is early America during the oil boom. An elderly, down on his luck 'oil man', Mr. Cox finds himself in the town of Henrietta. Using unconventional methods, he convinces himself and local Don Day that there is oil on Day's land. The financially strapped Day puts everything into finding oil...but at what cost?",0.913522,15/09/1995,0.0,109.0,Released,The Stars Fell on Henrietta,6.6,6.0
195,False,42000000,281,en,Strange Days,"Set in the year 1999 during the last days of the old millennium, the movie tells the story of Lenny Nero, an ex-cop who now deals with data-discs containing recorded memories and emotions. One day he receives a disc which contains the memories of a murderer killing a prostitute. Lenny investigates and is pulled deeper and deeper in a whirl of blackmail, murder and rape. Will he survive and solve the case?",11.223055,13/10/1995,7959291.0,145.0,Released,Strange Days,6.8,334.0
196,False,0,5967,fr,Les parapluies de Cherbourg,"This simple romantic tragedy begins in 1957. Guy Foucher, a 20-year-old French auto mechanic, has fallen in love with 17-year-old Geneviève Emery, an employee in her widowed mother's chic but financially embattled umbrella shop. On the evening before Guy is to leave for a two-year tour of combat in Algeria, he and Geneviève make love. She becomes pregnant and must choose between waiting for Guy's return or accepting an offer of marriage from a wealthy diamond merchant.",8.133881,19/02/1964,0.0,91.0,Released,The Umbrellas of Cherbourg,7.6,119.0
197,False,14000000,79593,en,The Tie That Binds,John Netherwood and his wife Leann are fugitives who are both wanted for murder. They have a young daughter named Janie and they want her back.,1.820419,08/09/1995,5780000.0,99.0,Released,The Tie That Binds,4.6,9.0
198,False,0,47939,en,Three Wishes,"While Jane Holman (Mastrantonio) is driving with her two sons, she accidentally runs into a drifter, Jack McCloud (Swayze), who breaks his leg. Being responsible,  Jane invites Jack, and his dog, to stay at her home until his leg has healed.  Jack struggles to adapt their lifestyle, and finds himself loved by the family. He starts teaching baseball to Tom, who misses his father, who was lost in the Korean war. Jack and Tom develop a strong bond of friendship. Meanwhile, Gunny believes that there is more to Jack and Betty Jane than meets the eye...  We learn that Jack, is Jack McCloud, a Star White Socks baseball player in 1941, who dropped out of the league, after his first season, and; ""was never heard from again"" ...  A wonderful story.  We witness magic between a boy's imagination, and Jack's dog, and are never sure if we are witnessing imagination or magic by the dog.  A story of friendship, family, and learning that life isn't always as cut and dried as we often believe.",11.002046,27/10/1995,7025496.0,115.0,Released,Three Wishes,6.1,18.0
199,False,0,36834,en,Total Eclipse,"Young, wild poet Arthur Rimbaud and his mentor Paul Verlaine engage in a fierce, forbidden romance while feeling the effects of a hellish artistic lifestyle.",4.546552,02/11/1995,339889.0,111.0,Released,Total Eclipse,6.5,112.0
200,False,0,9090,en,"To Wong Foo, Thanks for Everything! Julie Newmar","Three New York drag queens on their way to Hollywood for a beauty pageant get stranded in a small Midwestern town for the entire weekend when their car breaks down. While waiting for parts for their Cadillac convertible, the flamboyant trio shows the local homophobic rednecks that appearing different doesn't mean they don't have humanity in common.",7.653446,07/09/1995,47774193.0,105.0,Released,"To Wong Foo, Thanks for Everything! Julie Newmar",6.3,117.0
